Curso,Sexo
Matemática pura (M),Masculino
Matemática pura (M),Masculino
Matemática pura (M),Masculino
Matemática pura (M),Masculino
Matemática pura (M),Masculino
Matemática pura (M),Masculino
Matemática pura (M),Masculino
Matemática pura (M),Masculino
Matemática pura (M),Masculino
Matemática pura (M),Masculino
Matemática pura (M),Masculino
Matemática pura (M),Masculino
Matemática pura (M),Masculino
Matemática pura (M),Masculino
Matemática pura (M),Masculino
Matemática pura (M),Masculino
Matemática pura (M),Masculino
Matemática pura (M),Masculino
Matemática pura (M),Masculino
Matemática pura (M),Masculino
Matemática pura (M),Masculino
Matemática pura (M),Masculino
Matemática pura (M),Masculino
Matemática pura (M),Masculino
Matemática pura (M),Masculino
Matemática pura (M),Masculino
Matemática pura (M),Masculino
Matemática pura (M),Masculino
Matemática pura (M),Masculino
Matemática pura (M),Masculino
Matemática pura (M),Masculino
Matemática pura (M),Masculino
Matemática pura (M),Masculino
Matemática pura (M),Masculino
Matemática pura (M),Masculino
Matemática pura (M),Masculino
Matemática pura (M),Masculino
Matemática pura (M),Masculino
Matemática pura (M),Masculino
Matemática pura (M),Masculino
Matemática pura (M),Masculino
Matemática pura (M),Masculino
Matemática pura (M),Masculino
Matemática pura (M),Masculino
Matemática pura (M),Masculino
Matemática pura (M),Masculino
Matemática pura (M),Masculino
Matemática pura (M),Masculino
Matemática pura (M),Masculino
Matemática pura (M),Masculino
Matemática pura (M),Masculino
Matemática pura (M),Masculino
Matemática pura (M),Masculino
Matemática pura (M),Masculino
Matemática pura (M),Masculino
Matemática pura (M),Masculino
Matemática pura (M),Masculino
Matemática pura (M),Masculino
Matemática pura (M),Masculino
Matemática pura (M),Masculino
Matemática pura (M),Masculino
Matemática pura (M),Masculino
Matemática pura (M),Masculino
Matemática pura (M),Masculino
Matemática pura (M),Masculino
Matemática pura (M),Masculino
Matemática pura (M),Masculino
Matemática pura (M),Masculino
Matemática pura (M),Masculino
Matemática pura (M),Masculino
Matemática pura (M),Feminino
Matemática pura (M),Feminino
Matemática pura (M),Feminino
Matemática pura (M),Feminino
Matemática pura (M),Feminino
Matemática pura (M),Feminino
Matemática pura (M),Feminino
Matemática pura (M),Feminino
Matemática pura (M),Feminino
Matemática pura (M),Feminino
Matemática pura (M),Feminino
Matemática pura (M),Feminino
Matemática pura (M),Feminino
Matemática pura (M),Feminino
Matemática pura (M),Feminino
Matemática pura (M),Feminino
Matemática pura (M),Feminino
Matemática pura (M),Feminino
Matemática pura (M),Feminino
Matemática pura (M),Feminino
Matemática pura (M),Feminino
Matemática pura (M),Feminino
Matemática pura (M),Feminino
Matemática pura (M),Feminino
Matemática pura (M),Feminino
Matemática pura (M),Feminino
Matemática pura (M),Feminino
Matemática pura (M),Feminino
Matemática pura (M),Feminino
Matemática pura (M),Feminino
Matemática pura (M),Feminino
Matemática pura (M),Feminino
Matemática pura (M),Feminino
Matemática pura (M),Feminino
Matemática pura (M),Feminino
Matemática pura (M),Feminino
Matemática pura (M),Feminino
Matemática pura (M),Feminino
Matemática pura (M),Feminino
Matemática pura (M),Feminino
Matemática aplicada (A),Masculino
Matemática aplicada (A),Masculino
Matemática aplicada (A),Masculino
Matemática aplicada (A),Masculino
Matemática aplicada (A),Masculino
Matemática aplicada (A),Masculino
Matemática aplicada (A),Masculino
Matemática aplicada (A),Masculino
Matemática aplicada (A),Masculino
Matemática aplicada (A),Masculino
Matemática aplicada (A),Masculino
Matemática aplicada (A),Masculino
Matemática aplicada (A),Masculino
Matemática aplicada (A),Masculino
Matemática aplicada (A),Masculino
Matemática aplicada (A),Feminino
Matemática aplicada (A),Feminino
Matemática aplicada (A),Feminino
Matemática aplicada (A),Feminino
Matemática aplicada (A),Feminino
Matemática aplicada (A),Feminino
Matemática aplicada (A),Feminino
Matemática aplicada (A),Feminino
Matemática aplicada (A),Feminino
Matemática aplicada (A),Feminino
Matemática aplicada (A),Feminino
Matemática aplicada (A),Feminino
Matemática aplicada (A),Feminino
Matemática aplicada (A),Feminino
Matemática aplicada (A),Feminino
Estatística (E),Masculino
Estatística (E),Masculino
Estatística (E),Masculino
Estatística (E),Masculino
Estatística (E),Masculino
Estatística (E),Masculino
Estatística (E),Masculino
Estatística (E),Masculino
Estatística (E),Masculino
Estatística (E),Masculino
Estatística (E),Feminino
Estatística (E),Feminino
Estatística (E),Feminino
Estatística (E),Feminino
Estatística (E),Feminino
Estatística (E),Feminino
Estatística (E),Feminino
Estatística (E),Feminino
Estatística (E),Feminino
Estatística (E),Feminino
Estatística (E),Feminino
Estatística (E),Feminino
Estatística (E),Feminino
Estatística (E),Feminino
Estatística (E),Feminino
Estatística (E),Feminino
Estatística (E),Feminino
Estatística (E),Feminino
Estatística (E),Feminino
Estatística (E),Feminino
Computação (C),Masculino
Computação (C),Masculino
Computação (C),Masculino
Computação (C),Masculino
Computação (C),Masculino
Computação (C),Masculino
Computação (C),Masculino
Computação (C),Masculino
Computação (C),Masculino
Computação (C),Masculino
Computação (C),Masculino
Computação (C),Masculino
Computação (C),Masculino
Computação (C),Masculino
Computação (C),Masculino
Computação (C),Masculino
Computação (C),Masculino
Computação (C),Masculino
Computação (C),Masculino
Computação (C),Masculino
Computação (C),Feminino
Computação (C),Feminino
Computação (C),Feminino
Computação (C),Feminino
Computação (C),Feminino
Computação (C),Feminino
Computação (C),Feminino
Computação (C),Feminino
Computação (C),Feminino
Computação (C),Feminino
